{
  "0": {
    "p_init": 0.236328,
    "p_trans": 0.014722,
    "p_guess": 0.273323,
    "p_slip": 0.358035
  },
  "1": {
    "p_init": 0.126082,
    "p_trans": 0.003751,
    "p_guess": 0.272804,
    "p_slip": 0.382091
  },
  "2": {
    "p_init": 0.268946,
    "p_trans": 0.027831,
    "p_guess": 0.26107,
    "p_slip": 0.190598
  },
  "3": {
    "p_init": 0.306558,
    "p_trans": 0.026058,
    "p_guess": 0.254067,
    "p_slip": 0.279136
  },
  "4": {
    "p_init": 0.332545,
    "p_trans": 0.009546,
    "p_guess": 0.329981,
    "p_slip": 0.287756
  },
  "5": {
    "p_init": 0.109365,
    "p_trans": 0.00626,
    "p_guess": 0.26205,
    "p_slip": 0.344062
  },
  "6": {
    "p_init": 0.152611,
    "p_trans": 0.001497,
    "p_guess": 0.312185,
    "p_slip": 0.200738
  },
  "7": {
    "p_init": 0.333579,
    "p_trans": 0.016102,
    "p_guess": 0.352535,
    "p_slip": 0.245769
  },
  "8": {
    "p_init": 0.008714,
    "p_trans": 0.02126,
    "p_guess": 0.317271,
    "p_slip": 0.4999
  },
  "9": {
    "p_init": 0.045744,
    "p_trans": 0.000245,
    "p_guess": 0.330652,
    "p_slip": 1e-06
  },
  "10": {
    "p_init": 0.398614,
    "p_trans": 0.006149,
    "p_guess": 0.295063,
    "p_slip": 0.312677
  },
  "11": {
    "p_init": 0.152312,
    "p_trans": 0.01813,
    "p_guess": 0.32804,
    "p_slip": 0.226407
  },
  "12": {
    "p_init": 0.097825,
    "p_trans": 1e-06,
    "p_guess": 0.228046,
    "p_slip": 0.415274
  },
  "13": {
    "p_init": 0.029019,
    "p_trans": 0.011867,
    "p_guess": 0.30128,
    "p_slip": 0.166188
  },
  "14": {
    "p_init": 0.389812,
    "p_trans": 0.004744,
    "p_guess": 0.313766,
    "p_slip": 0.355342
  },
  "21": {
    "p_init": 0.235639,
    "p_trans": 0.003491,
    "p_guess": 0.362822,
    "p_slip": 0.369475
  },
  "24": {
    "p_init": 0.358443,
    "p_trans": 4e-05,
    "p_guess": 0.282658,
    "p_slip": 0.197218
  },
  "25": {
    "p_init": 0.108077,
    "p_trans": 0.007957,
    "p_guess": 0.233936,
    "p_slip": 0.288963
  },
  "26": {
    "p_init": 0.016254,
    "p_trans": 0.018651,
    "p_guess": 0.27828,
    "p_slip": 0.130319
  },
  "27": {
    "p_init": 0.307627,
    "p_trans": 0.038223,
    "p_guess": 0.337872,
    "p_slip": 0.325865
  },
  "28": {
    "p_init": 0.177788,
    "p_trans": 0.271627,
    "p_guess": 0.4999,
    "p_slip": 0.36702
  },
  "29": {
    "p_init": 0.135551,
    "p_trans": 0.012604,
    "p_guess": 0.355516,
    "p_slip": 0.152728
  },
  "30": {
    "p_init": 0.071406,
    "p_trans": 0.003397,
    "p_guess": 0.249542,
    "p_slip": 0.053495
  },
  "31": {
    "p_init": 0.113629,
    "p_trans": 0.01567,
    "p_guess": 0.225611,
    "p_slip": 0.000646
  },
  "32": {
    "p_init": 0.15705,
    "p_trans": 0.020619,
    "p_guess": 0.413083,
    "p_slip": 0.000685
  },
  "33": {
    "p_init": 0.441622,
    "p_trans": 0.004956,
    "p_guess": 0.391085,
    "p_slip": 0.296406
  },
  "34": {
    "p_init": 0.29911,
    "p_trans": 0.007366,
    "p_guess": 0.209861,
    "p_slip": 0.358517
  },
  "35": {
    "p_init": 0.176253,
    "p_trans": 0.017501,
    "p_guess": 0.204467,
    "p_slip": 0.279601
  },
  "36": {
    "p_init": 0.154421,
    "p_trans": 0.016201,
    "p_guess": 0.267295,
    "p_slip": 0.123998
  },
  "37": {
    "p_init": 0.148598,
    "p_trans": 0.004933,
    "p_guess": 0.356746,
    "p_slip": 0.302714
  },
  "38": {
    "p_init": 0.32077,
    "p_trans": 0.004699,
    "p_guess": 0.398006,
    "p_slip": 0.195716
  },
  "39": {
    "p_init": 0.639935,
    "p_trans": 0.006982,
    "p_guess": 0.364279,
    "p_slip": 0.284782
  },
  "40": {
    "p_init": 0.556299,
    "p_trans": 0.019102,
    "p_guess": 0.280923,
    "p_slip": 0.171867
  },
  "41": {
    "p_init": 0.43737,
    "p_trans": 0.012842,
    "p_guess": 0.258523,
    "p_slip": 0.371291
  },
  "42": {
    "p_init": 0.343392,
    "p_trans": 0.037596,
    "p_guess": 0.348057,
    "p_slip": 0.417108
  },
  "43": {
    "p_init": 0.437942,
    "p_trans": 0.03349,
    "p_guess": 0.44259,
    "p_slip": 0.144537
  },
  "44": {
    "p_init": 0.066371,
    "p_trans": 0.082479,
    "p_guess": 0.276915,
    "p_slip": 0.214829
  },
  "45": {
    "p_init": 0.138869,
    "p_trans": 0.017595,
    "p_guess": 0.225431,
    "p_slip": 0.246254
  },
  "46": {
    "p_init": 0.211819,
    "p_trans": 0.003645,
    "p_guess": 0.29335,
    "p_slip": 0.261702
  },
  "47": {
    "p_init": 0.513031,
    "p_trans": 0.028897,
    "p_guess": 0.157957,
    "p_slip": 0.4999
  },
  "48": {
    "p_init": 0.371091,
    "p_trans": 0.037659,
    "p_guess": 0.241843,
    "p_slip": 0.13279
  },
  "49": {
    "p_init": 0.340868,
    "p_trans": 0.090529,
    "p_guess": 0.367458,
    "p_slip": 0.32272
  },
  "50": {
    "p_init": 0.341091,
    "p_trans": 0.077361,
    "p_guess": 0.339052,
    "p_slip": 0.157195
  },
  "51": {
    "p_init": 0.329935,
    "p_trans": 0.032596,
    "p_guess": 0.281896,
    "p_slip": 0.279964
  },
  "52": {
    "p_init": 0.421819,
    "p_trans": 0.00027,
    "p_guess": 0.326545,
    "p_slip": 0.378595
  },
  "53": {
    "p_init": 0.018756,
    "p_trans": 0.254382,
    "p_guess": 0.353346,
    "p_slip": 0.496362
  },
  "54": {
    "p_init": 0.239063,
    "p_trans": 0.027068,
    "p_guess": 0.307946,
    "p_slip": 0.092507
  },
  "55": {
    "p_init": 0.587018,
    "p_trans": 0.010619,
    "p_guess": 0.281193,
    "p_slip": 0.214244
  },
  "56": {
    "p_init": 0.848939,
    "p_trans": 1e-06,
    "p_guess": 0.4999,
    "p_slip": 0.237562
  },
  "57": {
    "p_init": 0.251418,
    "p_trans": 0.029544,
    "p_guess": 0.195022,
    "p_slip": 0.276985
  },
  "58": {
    "p_init": 0.274457,
    "p_trans": 0.000753,
    "p_guess": 0.315625,
    "p_slip": 0.413525
  },
  "59": {
    "p_init": 0.164471,
    "p_trans": 0.004357,
    "p_guess": 0.318456,
    "p_slip": 0.328761
  },
  "60": {
    "p_init": 0.146241,
    "p_trans": 0.005896,
    "p_guess": 0.318252,
    "p_slip": 0.266271
  },
  "61": {
    "p_init": 0.253425,
    "p_trans": 0.003481,
    "p_guess": 0.301138,
    "p_slip": 0.292949
  },
  "62": {
    "p_init": 0.266558,
    "p_trans": 0.098001,
    "p_guess": 0.252472,
    "p_slip": 0.053812
  },
  "63": {
    "p_init": 0.334568,
    "p_trans": 0.019114,
    "p_guess": 0.285204,
    "p_slip": 0.234242
  },
  "64": {
    "p_init": 0.469338,
    "p_trans": 0.00331,
    "p_guess": 0.428156,
    "p_slip": 0.255661
  },
  "65": {
    "p_init": 0.068023,
    "p_trans": 0.012201,
    "p_guess": 0.280916,
    "p_slip": 0.237901
  },
  "66": {
    "p_init": 0.061613,
    "p_trans": 0.007473,
    "p_guess": 0.276181,
    "p_slip": 0.289103
  },
  "67": {
    "p_init": 0.152855,
    "p_trans": 0.037044,
    "p_guess": 0.231933,
    "p_slip": 0.144208
  },
  "68": {
    "p_init": 0.093197,
    "p_trans": 0.084861,
    "p_guess": 0.412382,
    "p_slip": 0.477193
  },
  "69": {
    "p_init": 0.182808,
    "p_trans": 0.010353,
    "p_guess": 0.298438,
    "p_slip": 0.355863
  },
  "70": {
    "p_init": 0.323475,
    "p_trans": 0.005533,
    "p_guess": 0.344255,
    "p_slip": 0.047928
  },
  "71": {
    "p_init": 0.204792,
    "p_trans": 0.023727,
    "p_guess": 0.291737,
    "p_slip": 0.049224
  },
  "72": {
    "p_init": 0.317796,
    "p_trans": 0.005234,
    "p_guess": 0.397503,
    "p_slip": 0.268688
  },
  "73": {
    "p_init": 0.0001,
    "p_trans": 0.121002,
    "p_guess": 0.359723,
    "p_slip": 0.000129
  },
  "74": {
    "p_init": 0.445568,
    "p_trans": 0.08341,
    "p_guess": 0.423883,
    "p_slip": 4.6e-05
  },
  "75": {
    "p_init": 0.207279,
    "p_trans": 0.026092,
    "p_guess": 0.332324,
    "p_slip": 0.127034
  },
  "91": {
    "p_init": 0.354551,
    "p_trans": 0.028293,
    "p_guess": 0.267649,
    "p_slip": 0.208674
  },
  "78": {
    "p_init": 0.075194,
    "p_trans": 0.066753,
    "p_guess": 0.43048,
    "p_slip": 0.173946
  },
  "92": {
    "p_init": 0.078778,
    "p_trans": 0.233108,
    "p_guess": 0.362118,
    "p_slip": 0.4999
  },
  "93": {
    "p_init": 0.222563,
    "p_trans": 0.044456,
    "p_guess": 0.352093,